{
	"info": {
		"_postman_id": "283ac86e-d4e4-4086-81aa-f82e7660ef7a",
		"name": "New Collection",
		"schema": "https://schema.getpostman.com/json/collection/v2.1.0/collection.json",
		"_exporter_id": "27061914"
	},
	"item": [
		{
			"name": "http://127.0.0.1:8080/api/v1/articles/",
			"request": {
				"method": "GET",
				"header": [],
				"url": {
					"raw": "http://127.0.0.1:8080/api/v1/articles/",
					"protocol": "http",
					"host": [
						"127",
						"0",
						"0",
						"1"
					],
					"port": "8080",
					"path": [
						"api",
						"v1",
						"articles",
						""
					],
					"query": [
						{
							"key": "",
							"value": null,
							"disabled": true
						}
					]
				}
			},
			"response": []
		},
		{
			"name": "http://127.0.0.1:8080/api/v1/articles/",
			"request": {
				"method": "POST",
				"header": [],
				"body": {
					"mode": "formdata",
					"formdata": [
						{
							"key": "title",
							"value": "title",
							"type": "text"
						},
						{
							"key": "content",
							"value": "content",
							"type": "text"
						}
					]
				},
				"url": {
					"raw": "http://127.0.0.1:8080/api/v1/articles/",
					"protocol": "http",
					"host": [
						"127",
						"0",
						"0",
						"1"
					],
					"port": "8080",
					"path": [
						"api",
						"v1",
						"articles",
						""
					],
					"query": [
						{
							"key": "",
							"value": null,
							"disabled": true
						}
					]
				}
			},
			"response": []
		},
		{
			"name": "http://127.0.0.1:8080/api/v1/articles/24",
			"request": {
				"method": "PUT",
				"header": [],
				"body": {
					"mode": "formdata",
					"formdata": [
						{
							"key": "title",
							"value": "title v2",
							"type": "text"
						},
						{
							"key": "content",
							"value": "content v2",
							"type": "text"
						}
					]
				},
				"url": {
					"raw": "http://127.0.0.1:8080/api/v1/articles/24",
					"protocol": "http",
					"host": [
						"127",
						"0",
						"0",
						"1"
					],
					"port": "8080",
					"path": [
						"api",
						"v1",
						"articles",
						"24"
					],
					"query": [
						{
							"key": "",
							"value": null,
							"disabled": true
						}
					]
				}
			},
			"response": []
		},
		{
			"name": "http://127.0.0.1:8080/api/v1/articles/24",
			"request": {
				"method": "DELETE",
				"header": [],
				"url": {
					"raw": "http://127.0.0.1:8080/api/v1/articles/24",
					"protocol": "http",
					"host": [
						"127",
						"0",
						"0",
						"1"
					],
					"port": "8080",
					"path": [
						"api",
						"v1",
						"articles",
						"24"
					],
					"query": [
						{
							"key": "",
							"value": null,
							"disabled": true
						}
					]
				}
			},
			"response": []
		}
	]
}